Item name and description,Qty.,Status (In Use/ Stock),Details,Sterile / Non-sterile,Disposable / Reusable,Location,Location 2
"Serological Pipette 25ml",95,"Stock","25 ml","Sterile","Disposable","Shelf L","Shelf 1"
"Serological Pipette 10ml",87,"Stock","10ml","Sterile","Disposable","Shelf L","Shelf 1"
"Serological Pipette 5 ml",265,"Stock","5ml","Sterile","Disposable","Shelf L","Shelf 1"
"Syringes",121,"Stock","10ml","Sterile","Disposable","Shelf L","Shelf 2"
"Pipette tips 10ul",8,"Stock","10ul","Sterile","Disposable","Shelf L","Shelf 2"
"Pipette tips 200ul",3,"Stock","200ul","Sterile","Disposable","Shelf L","Shelf 2"
"Pipette tips 1000ul",2,"Stock","1000ul","Sterile","Disposable","Shelf L","Shelf 2"
"Cell culture flasks (blue)",10,"Stock","","Sterile","Disposable","Shelf L","Shelf 2"
"Cell culture flasks (orange)",70,"Stock","Sterile&Non-Pyrogenic","Sterile","Disposable","Shelf L","Shelf 2"
"Petri dishes",130,"Stock","90mm x 15mm","Sterile","Disposable","Shelf L","Shelf 2"
"Transfer pipette",400,"Stock","3ml","Sterile","Disposable","Shelf L","Shelf 2"
"Centrifuge tubes",3,"Stock","50ml","Sterile","Disposable","Shelf L","Shelf 3"
"Cell culture flask",30,"Stock","250ml","Sterile","Disposable","Shelf L","Shelf 3"
"Centrifuge tubes",250,"Stock","15ml","Sterile","Disposable","Shelf L","Shelf 3"
"Cell culture plate",49,"Stock","Flat bottom with lid","Sterile","Disposable","Shelf L","Shelf 3"
"Paper",4,"Stock","","Non-sterile","Reusable","Shelf L","Shelf 4"
"Peristaltic pump",1,"In Use","Pump Head YZ1515x","Non-sterile","Reusable","Shelf L","Shelf 4"
"Cuvettes",2,"Stock","100/set","Non-sterile","Disposable","Shelf L","Shelf 4"
"Black gloves(S)",2,"Stock","Nitrile-vinile","Non-sterile","Disposable","Shelf L","Shelf 4"
"Black gloves(M)",3,"Stock","Nitrile-vinile","Non-sterile","Disposable","Shelf L","Shelf 4"
"Black gloves(L)",1,"Stock","Nitrile-vinile","Non-sterile","Disposable","Shelf L","Shelf 4"
"Cell culture flask",1,"Stock","250ml","Sterile","Disposable","Shelf R","Shelf 1"
"Pasteur pipette",1000,"Stock","100/pack","Sterile","Disposable","Shelf R","Shelf 1"
"Pipette tips",7,"Stock","1000ul","Sterile","Disposable","Shelf R","Shelf 1"
"Centrifuge Tube",1,"Stock","2ml","Sterile","Disposable","Shelf R","Shelf 1"
"Microcentrifuge Tube",1,"Stock","0.5 ml","Non sterile","Disposable","Shelf R","Shelf 1"
"Centrfuge Tube Adapters",30,"Stock","","Non sterile","Reusable","Shelf R","Shelf 1"
"Scintillation vials",20,"Stock","20 ml","Non sterile","Disposable","Shelf R","Shelf 1"
"Specimen Containers",30,"Stock","100 ml","Sterile","Disposable","Shelf R","Shelf 2"
"Specimen Containers",7,"Stock","100 ml","None-Sterile","Disposable","Shelf R","Shelf 2"
"Pipette tips",1,"Stock","1000ul","Sterile","Disposable","Shelf R","Shelf 2"
"Petri dishes",10,"Stock","10/pack","Sterile","Disposable","Shelf R","Shelf 2"
"Lab coat",4,"Stock","","Non-sterile","Reusable","Shelf R","Shelf 2"
"Sodium Chloride Solution 0.9%",16,"Stock","non-pyrogenic","Sterile","Disposable","Shelf R","Shelf 2"
"Centrifuge tube (blue)",100,"Stock","50 ml","Sterile","Disposable","Shelf R","Shelf 3"
"Centrifuge tube(green)",100,"Stock","50 ml","Sterile","Disposable","Shelf R","Shelf 3"
"Cell culture flask",20,"Stock","250ml","Sterile","Disposable","Shelf R","Shelf 3"
"Pipette tips 0.2 ml (Yellow)",1000,"Stock","200ul","Sterile","Disposable","Shelf R","Shelf 3"
"Pipette tips 1 ml (blue)",2000,"Stock","1000ul","Sterile","Disposable","Shelf R","Shelf 3"
"Centrifuge tube",1,"Stock","15ml","Sterile","Disposable","Shelf R","Shelf 3"
"Centrifuge tube 50ml",1,"Stock","50ml","Sterile","Disposable","Shelf R","Shelf 3"
"Cell culture plate",19,"Stock","6 well","Sterile","Disposable","Shelf R","Shelf 4"
"Cell culture plate",27,"Stock","Tissue culture treated","Sterile","Disposable","Shelf R","Shelf 4"
"Cell culture flasks (orange)",80,"Stock","Sterile&Non-Pyrogenic","Sterile","Disposable","Shelf R","Shelf 4"
"Glass Bottom Dish",16,"Stock","30mm x 10mm","Sterile","Disposable","Shelf R","Shelf 4"
"Cell Strainer",17,"Stock","100 um","Sterile","Disposable","Shelf R","Shelf 4"
"Reagent Reservoir",42,"Stock","Plastic","Sterile","Disposable","Shelf R","Shelf 4"
"Graduated cylinder",2,"In Use","100 ml","Non-Sterile","Reusable","Wall Cabinet 2",""
"Graduated cylinder",1,"In Use","50 ml","Non-Sterile","Reusable","Wall Cabinet 2",""
"Graduated cylinder",1,"In Use","10 ml","Non-Sterile","Reusable","Wall Cabinet 2",""
"Graduated cylinder",1,"In Use","250 ml","Non-Sterile","Reusable","Wall Cabinet 2",""
"Graduated cylinder",1,"In Use","500 ml","Non-Sterile","Reusable","Wall Cabinet 2",""
"Beaker",1,"In Use","2000 ml","Non-Sterile","Reusable","Wall Cabinet 2",""
"Beaker",1,"In Use","1000 ml","Non-Sterile","Reusable","Wall Cabinet 2",""
"Beaker",3,"In Use","400 ml","Non-Sterile","Reusable","Wall Cabinet 2",""
"Beaker",5,"In Use","150 ml","Non-Sterile","Reusable","Wall Cabinet 2",""
"Beaker",1,"In Use","100 ml","Non-Sterile","Reusable","Wall Cabinet 2",""
"Beaker",4,"In Use","50ml","Non-Sterile","Reusable","Wall Cabinet 2",""
"Reagent Bottle",2,"In Use","500 ml","Non-Sterile","Reusable","Wall Cabinet 2",""
"Reagent Bottle",3,"In Use","1000 ml","Non-Sterile","Reusable","Wall Cabinet 2",""
"Reagent Bottle",2,"In Use","125 ml","Non-Sterile","Reusable","Wall Cabinet 2",""
"Reagent Bottle",2,"In Use","100 ml","Non-Sterile","Reusable","Wall Cabinet 2",""
"Reagent Bottle",1,"In Use","50 ml","Non-Sterile","Reusable","Wall Cabinet 2",""
"Conical flask",2,"In Use","500 ml","Non-Sterile","Reusable","Wall Cabinet 2",""
"Ethanol 96%",1,"In Use","1000 ml","Non-Sterile","Reusable","Wall Cabinet 2",""
"Vaccum Filtration set",1,"In Use","300 ml","Non-Sterile","Reusable","Wall Cabinet 2",""
"Empty pH 10.01 Buffer Solution Bottle (Hanna HI 7010)",1,"In Use","500 ml","Non-Sterile","Reusable","Wall Cabinet 2",""
"Empty pH 7.01 Buffer Solution Bottle (Hanna HI 7007)",1,"In Use","500 ml","Non-Sterile","Reusable","Wall Cabinet 2",""
"Empty pH 4.01 Buffer Solution Bottle (Hanna HI 7004)",1,"In Use","500 ml","Non-Sterile","Reusable","Wall Cabinet 2",""
"Wash bottel",4,"In Use","150 ml","Non-Sterile","Reusable","Wall Cabinet 2",""
"Wash bottel",3,"In Use","","Non-Sterile","Reusable","Wall Cabinet 2",""
"Polypropylene Consumable Cylinder",5,"In Use","","Non-Sterile","Reusable","Wall Cabinet 2",""
"Weighing bottle",1,"In Use","50 x 30","Non-Sterile","Reusable","Wall Cabinet 2",""
"Weighing bottle",2,"In Use","60 x 30","Non-Sterile","Reusable","Wall Cabinet 2",""
"Weighing bottle",1,"In Use","70 x 35","Non-Sterile","Reusable","Wall Cabinet 2",""
"Weighing bottle",2,"In Use","big?","Non-Sterile","Reusable","Wall Cabinet 2",""
"Glass vial",4,"In Use","10 ml","Non-Sterile","Reusable","Wall Cabinet 2",""
"Vacuum filter system",1,"In Use","PES 0.22 um","Non-Sterile","Reusable","Wall Cabinet 2",""
"Vacuum filter system",1,"In Use","PES 0.22 um","Non-Sterile","Reusable","Wall Cabinet 2",""
"Vacuum filter system",1,"In Use","plastic","Non-Sterile","Reusable","Wall Cabinet 2",""
"Bottle-top filter",1,"In Use","Pes 0.22 um","Non-Sterile","Reusable","Wall Cabinet 2",""
"Amber glass bottle",1,"In Use","","Non-Sterile","Reusable","Wall Cabinet 2",""
"Glass jar with screw lid",1,"In Use","","Non-Sterile","Reusable","Wall Cabinet 2",""
"Tyrodes salt reagent bottle",1,"In Use","","Non-Sterile","Reusable","Wall Cabinet 2",""
"Tube rack",2,"In Use","4 well","Non-Sterile","Reusable","Wall-mounted Unit","2r"
"Mini Tissue Grinder",1,"In Use","Model: HTG180-mini","Non-Sterile","Reusable","Wall-mounted Unit","2r"
"Microcentrifuge tube rack",2,"In Use","80 well","Non-Sterile","Reusable","Wall-mounted Unit","2r"
"Nail Lacquer",6,"In Use","","Non-Sterile","Reusable","Wall-mounted Unit","2r"
"Nail polish remover",1,"In Use","","Non-Sterile","Reusable","Wall-mounted Unit","2r"
"Alcohol burner",4,"In Use","","Non-Sterile","Reusable","Wall-mounted Unit","2r"
"Pencil holder with pens",1,"In Use","","Non-Sterile","Reusable","Wall-mounted Unit","2r"
"Orange 50ml tube rack",2,"In Use","24 well","Non-Sterile","Reusable","Wall-mounted Unit","2r"
"Plastic transfer pipettes in container",1,"In Use","","Non-Sterile","Reusable","Wall-mounted Unit","2r"
"Levo Pipette Controller",3,"In Use","","Non-Sterile","Reusable","Wall-mounted Unit","2r"
"Ethanol 70%",1,"In Use","500 ml","Non-Sterile","Reusable","Wall-mounted Unit","2r"
"Glarks 40 Pieces 4 size",1,"In Use","","Non-Sterile","Reusable","Wall-mounted Unit","1r"
"Dosing Pump",6,"In Use","","Non-Sterile","Reusable","Wall-mounted Unit","1r"
"AC/DC Power Adopter",6,"In Use","12V 1A","Non-Sterile","Reusable","Wall-mounted Unit","1r"
"Narrow long tubes",2,"In Use","","Non-Sterile","Reusable","Wall-mounted Unit","1r"
"IV cannula with luer lock & injection port",10,"In Use","","Non-Sterile","Reusable","Wall-mounted Unit","1r"
"Pipette tips 0.2 ml (Yellow)",1,"In Use","200ul","Non-Sterile","Disposable","Wall-mounted Unit","2l"
"Pipette tips 1 ml (blue)",1,"In Use","1000ul","Non-Sterile","Disposable","Wall-mounted Unit","2l"
"Syringe",1,"In Use","2 ml","Non-sterile","Disposable","Wall-mounted Unit","2l"
"Syringe",1,"In Use","10 ml","Non-sterile","Disposable","Wall-mounted Unit","2l"
"Insulin syringe",1,"In Use","1 ml","Non-sterile","Disposable","Wall-mounted Unit","2l"
"Syringe without needle",1,"In Use","50 ml","Non-Sterile","Disposable","Wall-mounted Unit","2l"
"Syringe without needle",1,"In Use","20 ml","Non-Sterile","Disposable","Wall-mounted Unit","2l"
"Syringe without needle",1,"In Use","10 ml","Non-Sterile","Disposable","Wall-mounted Unit","2l"
"Pipette filter tips",5,"In Use","1000 ul","Non-Sterile","Disposable","Wall-mounted Unit","2l"
"Pipette filter tips",2,"In Use","200 ul","Non-Sterile","Disposable","Wall-mounted Unit","2l"
"Pipette tips",4,"In Use","200 ul","Non-Sterile","Disposable","Wall-mounted Unit","2l"
"Pipette tips",2,"In Use","10 ul","Non-Sterile","Disposable","Wall-mounted Unit","2l"
"Pipette tips",1,"In Use","100 ul","Non-Sterile","Disposable","Wall-mounted Unit","2l"
"Pipette tips",1,"In Use","10 ul","Non-Sterile","Disposable","Wall-mounted Unit","2l"
"Pipette tips",1,"In Use","200 ul","Non-Sterile","Disposable","Wall-mounted Unit","2l"
"Pipette tips",1,"In Use","1000 ml","Non-Sterile","Disposable","Wall-mounted Unit","2l"
"Cell culture plate 12 well",1,"In Use","Flat bottom with lid","Sterile","Disposable","Wall-mounted Unit","1l"
"Cell culture plate 6 well",1,"In Use","R-Nase /Dnase-free","Non-Sterile","Disposable","Wall-mounted Unit","1l"
"Cell culture plate 24 well",1,"In Use","R-Nase /Dnase-free","Non-Sterile","Disposable","Wall-mounted Unit","1l"
"Cell culture plate 48 well",1,"In Use","Flat bottom","Sterile","Disposable","Wall-mounted Unit","1l"
"Cell culture plate 96 well",1,"In Use","Flat bottom","Sterile","Disposable","Wall-mounted Unit","1l"
"Petri dishes",1,"In Use","90mm x 15mm","Sterile","Disposable","Wall-mounted Unit","1l"
"Cell and Tissue Culture flask",1,"In Use","250 ml","Sterile","Disposable","Wall-mounted Unit","1l"
"Transfer pipette",120,"In Use","3 ml","Sterile","Disposable","Wall-mounted Unit","1l"
"Transfer pipette",500,"In Use","3 ml","Non-Sterile","Disposable","Wall Cabinet 1",""
"ELISA plate microlon",1,"In Use","96 well","Sterile","Disposable","Wall Cabinet 1",""
"Petri dishes",4,"In Use","20pcs/pack","Sterile","Disposable","Wall Cabinet 1",""
"Petri dishes glass",5,"In Use","","Non-Sterile","Reusable","Wall Cabinet 1",""
"Centrifuge Tube",1,"In Use","15 ml","Sterile","Disposable","Wall Cabinet 1",""
"Spectrophotometer - Profesional and Portable Color Measurement",1,"In Use","","Non-Sterile","Reusable","Wall Cabinet 1",""
"Paraformaldehyde (PFA)",1,"In Use","4%","Non-Sterile","Reusable","Floor Cabinet",""
"Acetic Acid",1,"In Use","12 ml","Non-Sterile","Reusable","Floor Cabinet",""
"Potassium Chloride (KCl)",1,"In Use","2 ml","Non-Sterile","Reusable","Floor Cabinet",""
"Hydrochloric Acid (HCl)",1,"In Use","2 ml","Non-Sterile","Reusable","Floor Cabinet",""
"Formalin",1,"In Use","10%, 10 ml","Non-Sterile","Reusable","Floor Cabinet",""
"Sodium Hydroxide (NaOH)",1,"In Use","50 (ml/g)","Non-Sterile","Reusable","Floor Cabinet",""
"Sodium Sulfate (Na2​SO4​)",1,"In Use","3 g","Non-Sterile","Reusable","Floor Cabinet",""
"Sodium Hydroxide (NaOH)",1,"In Use","10 M, 6 ml","Non-Sterile","Reusable","Floor Cabinet",""
"Sodium Alginate (Alginate powder)",1,"In Use","","Non-Sterile","Reusable","Floor Cabinet",""
"Gelatin",1,"In Use","50 g","Non-Sterile","Reusable","Floor Cabinet",""
"Latewax",1,"In Use","50 g","Non-Sterile","Reusable","Floor Cabinet",""
"Trypsin",1,"In Use","100 g","Non-Sterile","Reusable","Floor Cabinet",""
"Buffer solution (pH 8)",1,"In Use","0.5 M, 0.5 ml","Non-Sterile","Reusable","Floor Cabinet",""
"Borate Buffer",1,"In Use","","Non-Sterile","Reusable","Floor Cabinet",""
"Latewax (Yellow)",1,"In Use","30 g","Non-Sterile","Reusable","Floor Cabinet",""
"Acetone",1,"In Use","","Non-Sterile","Reusable","Floor Cabinet",""
"Lugol's Iodine Solution",1,"In Use","5%","Non-Sterile","Reusable","Floor Cabinet",""
"Potassium Iodide (KI)",1,"In Use","","Non-Sterile","Reusable","Floor Cabinet",""
"Chloroform",1,"In Use","125 ml","Non-Sterile","Reusable","Floor Cabinet",""
"Formalin",1,"In Use","10%, 50 ml","Non-Sterile","Reusable","Floor Cabinet",""
"Hydrogen Peroxide (H2​O2​)",1,"In Use","3%","Non-Sterile","Reusable","Floor Cabinet",""
"Lugol's Iodine Solution",1,"In Use","5%, Second container/portion","Non-Sterile","Reusable","Floor Cabinet",""
"Ammonium Hydroxide (NH4​OH)",1,"In Use","10%","Non-Sterile","Reusable","Floor Cabinet",""
"Unknown Liquid Sample",1,"In Use","—","Non-Sterile","Reusable","Floor Cabinet",""
"Vitamin B Complex",1,"In Use","2 ml ampoule","Non-Sterile","Reusable","Floor Cabinet",""
"Betadine (Povidone-Iodine)",1,"In Use","30 ml","Non-Sterile","Reusable","Floor Cabinet",""
"Unknown Solid Sample",1,"In Use","10 g","Non-Sterile","Reusable","Floor Cabinet",""
"Hydrogen Peroxide (H2​O2​)",1,"In Use","60 ml","Non-Sterile","Reusable","Floor Cabinet",""
"Potassium Chloride (KCl)",1,"In Use","3 M, 12 ml","Non-Sterile","Reusable","Floor Cabinet",""
"Agarose",1,"In Use","5 g","Non-Sterile","Reusable","Floor Cabinet",""
"Formalin",1,"In Use","10%, 30 ml","Non-Sterile","Reusable","Floor Cabinet",""
"PH Calibration Buffer",1,"In Use","7","Non-Sterile","Reusable","Floor Cabinet",""
"PH Calibration Buffer",1,"In Use","04.01","Non-Sterile","Reusable","Floor Cabinet",""
"PH Calibration Buffer",1,"In Use","10.01","Non-Sterile","Reusable","Floor Cabinet",""
"Clove Essential Oil",1,"In Use","100%, 10 ml","Non-Sterile","Reusable","Floor Cabinet",""
"Phosphate-Buffered Saline (PBS)",1,"In Use","100 tablets","Non-Sterile","Reusable","Floor Cabinet",""
"PH Calibration Buffer Powders",1,"In Use","4.01, 7.00, 10.01, Powder set","Non-Sterile","Reusable","Floor Cabinet",""
"Chromatic Alginate (Dental Alginate)",1,"In Use","10 g","Non-Sterile","Reusable","Floor Cabinet",""
"Biological Specimen (Snake skin)",1,"In Use","","Non-Sterile","Reusable","Floor Cabinet",""
"Laboratory Grade Reagents / Water",1,"In Use","","Non-Sterile","Reusable","Floor Cabinet",""
"Acetone",1,"In Use","250 ml (Not present)","Non-Sterile","Reusable","Floor Cabinet",""
"Isopropanol (Isopropyl Alcohol)",1,"In Use","70%, 250 ml","Non-Sterile","Reusable","Floor Cabinet",""
"Photographic Sodium Salt / Sodium Thiosulfate",1,"In Use","Two containers","Non-Sterile","Reusable","Floor Cabinet",""
"Mannitol",1,"In Use","10%, 500 ml (5 pcs)","Non-Sterile","Reusable","Floor Cabinet",""
"Ethanol",1,"In Use","96%, 1 ml (10 pcs)","Non-Sterile","Reusable","Floor Cabinet",""
"QIAamp DNA Mini Kit",1,"In Use","","Non-Sterile","Reusable","Floor Cabinet",""
"Calcium Chloride (CaCl2​)",1,"In Use","0.2 M","Non-Sterile","Reusable","Floor Cabinet",""
"Calcium Chloride (CaCl2​)",1,"In Use","1 M","Non-Sterile","Reusable","Floor Cabinet",""
"Pipette tip",4,"In Use","200 ul","Non-Sterile","Disposable","Floor Cabinet",""
"Pipette tip",4,"In Use","10 ul","Non-Sterile","Disposable","Floor Cabinet",""
"Fluid collection container with tubing",1,"In Use","","Non-Sterile","Reusable","Floor Cabinet",""
"Pipet tip rack insert",4,"In Use","","Non-Sterile","Reusable","Floor Cabinet",""
"Nylon cable ties",100,"In Use","4.8 x 200","Non-Sterile","Reusable","Floor Cabinet",""
"Pipette color caps",3,"In Use","4/pack","Non-Sterile","Reusable","Floor Cabinet",""
"Calibration tool",4,"In Use","","Non-Sterile","Reusable","Floor Cabinet",""
"Plastic spot plate",1,"In Use","4 well","Non-Sterile","Reusable","Floor Cabinet",""
"Labaratory sealing film",1,"In Use","brend: Seal View","Non-Sterile","Reusable","Floor Cabinet",""
"Cell Culture Flask",5,"In Use","10/pack","Sterile","Disposable","Floor Cabinet",""
"Dissection kit (tools included)",3,"In Use","","Non-Sterile","Reusable","Floor Cabinet",""
"Pipette transfer",3,"In Use","","Sterile","Disposable","Floor Cabinet",""
"Polyethylene foam pad",3,"In Use","","Sterile","Disposable","Floor Cabinet",""
"Microscope slides",50,"In Use","25.4 x 76.2mm","Non-Sterile","Reusable","Drawer 1",""
"Lens Wipe",9,"Stock","","Non-sterile","Disposable","Drawer 1",""
"Dust Wipe",5,"Stock","","Non-sterile","Reusable","Drawer 1",""
"Tissue culture dish",1,"Stock","30mm x 10mm","Sterile","Disposable","Drawer 1",""
"Immersol 518 f",1,"In Use","Immersion oil for fluorescense-mikroscopy","Sterile","Reusable","Drawer 1",""
"Round Microscope cover Glasses",3,"In Use","18mm diameter","Sterile","Reusable","Drawer 1",""
"Square coverlip",1,"In Use","22 x 22 mm","Sterile","Reusable","Drawer 1",""
"Goryaev Counting",4,"In Use","","Sterile","Reusable","Drawer 1",""
"Collection Tubes",100,"In Use","2 ml 15-25C","Non-sterile","Reusable","Drawer 1",""
"Immersion oil for microscopy, Type A",2,"In Use","100 ml","Non-Sterile","Reusable","Drawer 1",""
"Cotton buds",1,"In Use","","Non-Sterile","Reusable","Drawer 1",""
"Microscope slides",1,"In Use","","Non-Sterile","Reusable","Drawer 1",""
"Magnetic Stir Bars",20,"In Use","","Non-Sterile","Reusable","Drawer 2",""
"Plastic  syringes",12,"In Use","12 ml","Non-Sterile","Reusable","Drawer 2",""
"Cotton Swamb",1,"In Use","","Non-Sterile","Reusable","Drawer 2",""
"Plastic spoons",9,"In Use","","Non-Sterile","Reusable","Drawer 2",""
"Digital Lab Scale",1,"In Use","","Non-Sterile","Reusable","Drawer 2",""
"Precision Digital Pocket Scale",1,"In Use","","Non-Sterile","Reusable","Drawer 2",""
"Disposable plastic weiighing  Boats",1,"In Use","","Non-Sterile","Reusable","Drawer 2",""
"Filter paper disc",6,"In Use","","Non-Sterile","Reusable","Drawer 2",""
"Plastic Funnels",3,"In Use","Large, medium, small","Non-Sterile","Reusable","Drawer 2",""
"Calibration Weights",3,"In Use","200 g","Non-Sterile","Reusable","Drawer 2",""
"Calibration Weights",1,"In Use","100","Non-Sterile","Reusable","Drawer 2",""
"Calibration Weights",1,"In Use","50","Non-Sterile","Reusable","Drawer 2",""
"Calibration Weights",2,"In Use","20","Non-Sterile","Reusable","Drawer 2",""
"20 dram",4,"In Use","","Non-Sterile","Reusable","Drawer 2",""
"50 dram",1,"In Use","","Non-Sterile","Reusable","Drawer 2",""
"Plastic pipette",6,"In Use","10 ml","Non-Sterile","Reusable","Drawer 2",""
"Cotton wool",1,"In Use","","Non-Sterile","Reusable","Drawer 3",""
"Cotton pads",1,"In Use","120/pack","Non-Sterile","Reusable","Drawer 3",""
"Syringes",3,"In Use","50 ml \","Non-Sterile","Reusable","Drawer 3",""
"Syringe needle",19,"In Use","","Non-Sterile","Disposable","Drawer 3",""
"Cell Stainer",8,"Stock","100um","Sterile","Disposable","Drawer 3",""
"Coton",1,"Stock","50 g","Non-Sterile","Disposable","Drawer 3",""
"Surgical blade",1,"Stock","Sterilized by GAMMA radiation","Sterile","Disposable","Drawer 3",""
"Toothpick",1,"Stock","500/pack","Non-Sterile","Disposable","Drawer 3",""
"Dissecting scissors",13,"Stock","","Non-Sterile","Reusable","Drawer 3",""
"Forceps",6,"Stock","","Non-Sterile","Reusable","Drawer 3",""
"Scalpel",9,"Stock","","Non-Sterile","Reusable","Drawer 3",""
"Lancets for Diabetes Testing",200,"Stock","","Sterile","Disposable","Drawer 3",""
"Pins",42,"Stock","","Non-Sterile","Reusable","Drawer 3",""
"Thumb tacks",14,"Stock","","Non-Sterile","Reusable","Drawer 3",""
